model	HR	nDCG	Precision	F1	MAP	ItemCoverage	nDCGRendle2020	Gini	SEntropy	EFD	EPC
VBPR_seed=42_e=100_bs=128_be=128_factors=128_factors_d=20_lr=0$0005_l_w=2$5e-05_l_b=0_l_e=0$002_load=VisualAttributes	0.026402640264026403	0.006809235151862655	0.000528052805280528	0.0010353976574128002	0.0005221369272636597	1246.0	0.006809235151862655	0.40268588065703126	9.524587142800002	0.005568263687181402	0.0005254479694203452
