model	HR	nDCG	Precision	F1	MAP	ItemCoverage	nDCGRendle2020	Gini	SEntropy	EFD	EPC
VBPR_seed=42_e=100_bs=128_be=128_factors=128_factors_d=20_lr=0$0005_l_w=2$5e-05_l_b=0_l_e=0$002_load=VisualAttributes	0.04950495049504951	0.010593265468997436	0.0004950495049504952	0.0009802960494069211	0.000533269151894116	1357.0	0.010593265468997436	0.5092400705587798	9.852647789637196	0.005181473011933171	0.0005027448057313155
