model	HR	nDCG	Precision	F1	MAP	ItemCoverage	nDCGRendle2020	Gini	SEntropy	EFD	EPC
VBPR_seed=42_e=100_bs=128_be=128_factors=128_factors_d=20_lr=0$0005_l_w=2$5e-05_l_b=0_l_e=0$002_load=VisualAttributes	0.009900990099009901	0.00359162851593971	0.0004950495049504952	0.000942951438000943	0.0005331601874110225	962.0	0.00359162851593971	0.27362095045711465	8.954104664787254	0.005753539689534111	0.0005092251581173119
